{
  "B11": {
    "id": 1458170626,
    "level": "0",
    "avglat": 52.89715,
    "avglon": 10.446479
  },
  "B12": {
    "id": 1458170627,
    "level": "0",
    "avglat": 52.897158,
    "avglon": 10.446411
  },
  "B10": {
    "id": 1458170628,
    "level": "0",
    "avglat": 52.897158,
    "avglon": 10.44654
  },
  "B13": {
    "id": 1458170629,
    "level": "0",
    "avglat": 52.897207,
    "avglon": 10.446406
  },
  "B9": {
    "id": 1458170630,
    "level": "0",
    "avglat": 52.897205,
    "avglon": 10.446535
  },
  "B14": {
    "id": 1458170631,
    "level": "0",
    "avglat": 52.897249,
    "avglon": 10.446402
  },
  "B15": {
    "id": 1458170632,
    "level": "0",
    "avglat": 52.897299,
    "avglon": 10.446397
  },
  "B16": {
    "id": 1458170633,
    "level": "0",
    "avglat": 52.897349,
    "avglon": 10.446391
  },
  "B21": {
    "id": 1458170634,
    "level": "0",
    "avglat": 52.897404,
    "avglon": 10.446282
  },
  "B3": {
    "id": 1458170658,
    "level": "0",
    "avglat": 52.897428,
    "avglon": 10.446511
  },
  "B4": {
    "id": 1458170659,
    "level": "0",
    "avglat": 52.897391,
    "avglon": 10.446515
  },
  "B5": {
    "id": 1458170660,
    "level": "0",
    "avglat": 52.897354,
    "avglon": 10.446519
  },
  "B6": {
    "id": 1458170661,
    "level": "0",
    "avglat": 52.897318,
    "avglon": 10.446523
  },
  "B7": {
    "id": 1458170662,
    "level": "0",
    "avglat": 52.89729,
    "avglon": 10.446526
  },
  "B8": {
    "id": 1458170663,
    "level": "0",
    "avglat": 52.897251,
    "avglon": 10.44653
  },
  "B23": {
    "id": 1458170689,
    "level": "0",
    "avglat": 52.897456,
    "avglon": 10.446121
  },
  "B24": {
    "id": 1458170691,
    "level": "0",
    "avglat": 52.897435,
    "avglon": 10.445993
  },
  "B42": {
    "id": 1458170692,
    "level": "0",
    "avglat": 52.89755,
    "avglon": 10.446184
  },
  "B39": {
    "id": 1458170694,
    "level": "0",
    "avglat": 52.897544,
    "avglon": 10.446035
  },
  "B40": {
    "id": 1458170695,
    "level": "0",
    "avglat": 52.897546,
    "avglon": 10.446075
  },
  "B58": {
    "id": 1458700679,
    "level": "0",
    "avglat": 52.897597,
    "avglon": 10.44645
  },
  "B50": {
    "id": 1458735091,
    "level": "0",
    "avglat": 52.897848,
    "avglon": 10.446207
  },
  "B51": {
    "id": 1458735092,
    "level": "0",
    "avglat": 52.897906,
    "avglon": 10.446239
  },
  "B52": {
    "id": 1458735093,
    "level": "0",
    "avglat": 52.897891,
    "avglon": 10.446364
  },
  "B54": {
    "id": 1458735094,
    "level": "0",
    "avglat": 52.897814,
    "avglon": 10.446323
  },
  "B55": {
    "id": 1458735095,
    "level": "0",
    "avglat": 52.897777,
    "avglon": 10.446327
  },
  "B56": {
    "id": 1458735096,
    "level": "0",
    "avglat": 52.897744,
    "avglon": 10.446331
  },
  "B57": {
    "id": 1458735097,
    "level": "0",
    "avglat": 52.897709,
    "avglon": 10.446335
  },
  "B47": {
    "id": 1458735100,
    "level": "0",
    "avglat": 52.897672,
    "avglon": 10.446224
  },
  "B48": {
    "id": 1458739254,
    "level": "0",
    "avglat": 52.897755,
    "avglon": 10.446185
  },
  "B102": {
    "id": 1459044591,
    "level": "1",
    "avglat": 52.897379,
    "avglon": 10.445937
  },
  "B103": {
    "id": 1459044592,
    "level": "1",
    "avglat": 52.897402,
    "avglon": 10.445846
  },
  "B103.3": {
    "id": 1459044595,
    "level": "1",
    "avglat": 52.897503,
    "avglon": 10.445807
  },
  "B107": {
    "id": 1459044597,
    "level": "1",
    "avglat": 52.897607,
    "avglon": 10.445826
  },
  "B108": {
    "id": 1459044598,
    "level": "1",
    "avglat": 52.897696,
    "avglon": 10.445816
  },
  "B109": {
    "id": 1459044599,
    "level": "1",
    "avglat": 52.897771,
    "avglon": 10.445808
  },
  "B110": {
    "id": 1459044600,
    "level": "1",
    "avglat": 52.897855,
    "avglon": 10.445824
  },
  "B36": {
    "id": 1459044606,
    "level": "0",
    "avglat": 52.897833,
    "avglon": 10.445826
  },
  "B35": {
    "id": 1459044607,
    "level": "0",
    "avglat": 52.897715,
    "avglon": 10.445814
  },
  "B34": {
    "id": 1459044608,
    "level": "0",
    "avglat": 52.897607,
    "avglon": 10.445826
  },
  "B27": {
    "id": 1459044613,
    "level": "0",
    "avglat": 52.897402,
    "avglon": 10.445846
  },
  "B26": {
    "id": 1459044614,
    "level": "0",
    "avglat": 52.897379,
    "avglon": 10.445937
  },
  "C15": {
    "id": 1459061638,
    "level": "0",
    "avglat": 52.897295,
    "avglon": 10.445403
  },
  "C14": {
    "id": 1459061639,
    "level": "0",
    "avglat": 52.897258,
    "avglon": 10.445419
  },
  "C13": {
    "id": 1459061640,
    "level": "0",
    "avglat": 52.89722,
    "avglon": 10.445423
  },
  "C12": {
    "id": 1459061642,
    "level": "0",
    "avglat": 52.897193,
    "avglon": 10.445555
  },
  "C11": {
    "id": 1459061643,
    "level": "0",
    "avglat": 52.897225,
    "avglon": 10.445552
  },
  "C10": {
    "id": 1459061644,
    "level": "0",
    "avglat": 52.897263,
    "avglon": 10.445548
  },
  "C9": {
    "id": 1459061645,
    "level": "0",
    "avglat": 52.897301,
    "avglon": 10.445544
  },
  "C8": {
    "id": 1459061646,
    "level": "0",
    "avglat": 52.897339,
    "avglon": 10.44554
  },
  "C7": {
    "id": 1459061647,
    "level": "0",
    "avglat": 52.897372,
    "avglon": 10.445537
  },
  "C16": {
    "id": 1459075126,
    "level": "0",
    "avglat": 52.897375,
    "avglon": 10.445253
  },
  "Mensaküche": {
    "id": 1459345422,
    "level": "0",
    "avglat": 52.897818,
    "avglon": 10.444648
  },
  "Mensa": {
    "id": 1459345423,
    "level": "0",
    "avglat": 52.897805,
    "avglon": 10.444853
  },
  "C112": {
    "id": 1459345426,
    "level": "1",
    "avglat": 52.89722,
    "avglon": 10.445423
  },
  "C113": {
    "id": 1459345427,
    "level": "1",
    "avglat": 52.897258,
    "avglon": 10.445419
  },
  "C114": {
    "id": 1459345428,
    "level": "1",
    "avglat": 52.897296,
    "avglon": 10.445415
  },
  "C110": {
    "id": 1459345429,
    "level": "1",
    "avglat": 52.897193,
    "avglon": 10.445555
  },
  "C109.2": {
    "id": 1459345430,
    "level": "1",
    "avglat": 52.897215,
    "avglon": 10.445553
  },
  "C109.1": {
    "id": 1459345431,
    "level": "1",
    "avglat": 52.897234,
    "avglon": 10.445551
  },
  "C108.2": {
    "id": 1459345432,
    "level": "1",
    "avglat": 52.897252,
    "avglon": 10.445549
  },
  "C108.1": {
    "id": 1459345433,
    "level": "1",
    "avglat": 52.897271,
    "avglon": 10.445547
  },
  "C107": {
    "id": 1459345434,
    "level": "1",
    "avglat": 52.897301,
    "avglon": 10.445544
  },
  "C106.2": {
    "id": 1459345435,
    "level": "1",
    "avglat": 52.897329,
    "avglon": 10.445541
  },
  "C106.1": {
    "id": 1459345436,
    "level": "1",
    "avglat": 52.897347,
    "avglon": 10.445539
  },
  "C105": {
    "id": 1459345437,
    "level": "1",
    "avglat": 52.897372,
    "avglon": 10.445537
  },
  "C104.2": {
    "id": 1459345438,
    "level": "1",
    "avglat": 52.897397,
    "avglon": 10.445535
  },
  "C115": {
    "id": 1459345441,
    "level": "1",
    "avglat": 52.897458,
    "avglon": 10.445403
  },
  "H 001": {
    "id": 1459357427,
    "level": "0",
    "avglat": 52.89817,
    "avglon": 10.444633
  },
  "H 002": {
    "id": 1459357430,
    "level": "0",
    "avglat": 52.898161,
    "avglon": 10.444423
  },
  "H 003": {
    "id": 1459357431,
    "level": "0",
    "avglat": 52.898135,
    "avglon": 10.444257
  },
  "H 004": {
    "id": 1459357432,
    "level": "0",
    "avglat": 52.898179,
    "avglon": 10.444252
  },
  "H 010": {
    "id": 1459357433,
    "level": "0",
    "avglat": 52.898121,
    "avglon": 10.44415
  },
  "H 011": {
    "id": 1459357434,
    "level": "0",
    "avglat": 52.898149,
    "avglon": 10.444135
  },
  "H 012": {
    "id": 1459357435,
    "level": "0",
    "avglat": 52.898178,
    "avglon": 10.444132
  },
  "H 013": {
    "id": 1459357436,
    "level": "0",
    "avglat": 52.898207,